emp_id,Gender,AgeGroup,Age,MaritalStatus,Department,true_attrition,predicted_risk,n_cf_found,recourse_found,L1_cost,changed_feats
0,Female,Senior,41,Single,Sales,1,77.8,3,True,0.5444,JobRole;StockOptionLevel
2,Male,Senior,37,Single,Research & Development,1,78.8,3,True,1.2167,BusinessTravel;JobRole;OverTime;TrainingTimesLastYear
3,Female,Young,33,Married,Research & Development,0,75.6,3,True,0.9944,EnvironmentSatisfaction;JobLevel;OverTime;StockOptionLevel;WorkLifeBalance
14,Male,Young,28,Single,Research & Development,1,91.6,3,True,1.3007,EnvironmentSatisfaction;JobLevel;JobRole;MonthlyIncome;StockOptionLevel;TrainingTimesLastYear
19,Male,Senior,38,Single,Research & Development,0,61.5,3,True,0.4905,MonthlyIncome;OverTime
23,Male,Young,21,Single,Research & Development,0,73.3,0,False,,
26,Female,Young,32,Single,Research & Development,1,88.4,3,True,0.7556,StockOptionLevel
30,Male,Young,33,Single,Research & Development,0,60.2,3,True,0.6597,BusinessTravel;EnvironmentSatisfaction;JobRole;MonthlyIncome;StockOptionLevel
34,Male,Young,24,Married,Research & Development,1,89.8,3,True,1.3667,BusinessTravel;OverTime
36,Male,Senior,50,Married,Sales,1,86.8,3,True,1.0833,BusinessTravel;EnvironmentSatisfaction;OverTime
38,Female,Senior,36,Married,Research & Development,0,71.1,3,True,0.9181,BusinessTravel;MonthlyIncome;OverTime
41,Female,Young,27,Divorced,Research & Development,0,63.0,3,True,0.612,BusinessTravel;JobLevel;JobRole;JobSatisfaction;MonthlyIncome
42,Male,Young,26,Single,Research & Development,1,91.0,3,True,3.5859,DistanceFromHome;EnvironmentSatisfaction;JobInvolvement;JobSatisfaction;MonthlyIncome;StockOptionLevel;TrainingTimesLastYear;WorkLifeBalance
47,Male,Senior,37,Married,Research & Development,0,59.8,3,True,0.754,BusinessTravel;DistanceFromHome;MonthlyIncome;StockOptionLevel
48,Male,Senior,46,Single,Sales,0,68.8,3,True,0.8917,EnvironmentSatisfaction;JobRole;StockOptionLevel;TrainingTimesLastYear
50,Male,Senior,48,Single,Research & Development,1,82.1,3,True,0.9889,EnvironmentSatisfaction
51,Male,Young,28,Single,Research & Development,1,83.6,3,True,0.7556,StockOptionLevel
54,Female,Young,26,Married,Sales,0,68.2,3,True,1.1833,BusinessTravel;DistanceFromHome;JobRole;OverTime
55,Female,Young,33,Single,Research & Development,0,59.8,3,True,1.0406,EnvironmentSatisfaction;MonthlyIncome;OverTime;StockOptionLevel;TrainingTimesLastYear
63,Female,Senior,59,Single,Sales,0,69.3,3,True,0.6484,JobLevel;MonthlyIncome;StockOptionLevel
69,Male,Senior,36,Married,Research & Development,1,62.9,3,True,1.0222,BusinessTravel;JobSatisfaction;OverTime
70,Female,Senior,59,Single,Sales,0,63.9,3,True,0.6278,StockOptionLevel;TrainingTimesLastYear
72,Male,Young,31,Single,Research & Development,0,70.6,3,True,0.7831,JobInvolvement;MonthlyIncome;StockOptionLevel
86,Male,Young,23,Divorced,Sales,0,75.7,3,True,1.3903,BusinessTravel;JobInvolvement;JobRole
91,Male,Senior,51,Single,Sales,0,60.4,3,True,0.4576,JobRole;MonthlyIncome
100,Male,Senior,37,Divorced,Human Resources,1,83.4,3,True,0.6194,JobRole;MonthlyIncome;StockOptionLevel
101,Male,Young,32,Single,Research & Development,0,75.6,3,True,1.4863,JobInvolvement;JobSatisfaction;MonthlyIncome;StockOptionLevel;TrainingTimesLastYear
102,Female,Young,20,Single,Research & Development,1,84.5,3,True,0.834,JobRole;MonthlyIncome;OverTime
107,Male,Young,25,Single,Sales,1,75.1,3,True,0.6407,MonthlyIncome;OverTime;TrainingTimesLastYear
109,Female,Young,22,Single,Research & Development,0,74.0,3,True,2.7532,DistanceFromHome;EnvironmentSatisfaction;JobInvolvement;MonthlyIncome;RelationshipSatisfaction;StockOptionLevel;TrainingTimesLastYear;WorkLifeBalance
111,Male,Young,34,Single,Research & Development,1,78.1,3,True,1.3111,EnvironmentSatisfaction;JobInvolvement;StockOptionLevel
122,Female,Senior,56,Married,Research & Development,1,79.4,3,True,0.5817,MonthlyIncome;OverTime
124,Male,Young,31,Married,Sales,1,87.1,3,True,1.0667,JobInvolvement;StockOptionLevel
127,Male,Young,19,Single,Sales,1,95.8,0,False,,
132,Female,Young,31,Married,Sales,1,76.7,3,True,0.7917,BusinessTravel;OverTime
136,Male,Senior,51,Single,Research & Development,1,60.3,3,True,0.5667,EnvironmentSatisfaction;JobInvolvement;StockOptionLevel;WorkLifeBalance
138,Male,Young,25,Married,Sales,0,67.6,3,True,0.9019,JobRole;JobSatisfaction;MonthlyIncome;StockOptionLevel
140,Female,Young,32,Single,Research & Development,1,82.3,3,True,1.9832,EnvironmentSatisfaction;JobInvolvement;JobSatisfaction;MonthlyIncome;RelationshipSatisfaction;StockOptionLevel
149,Female,Young,19,Single,Research & Development,0,78.5,0,False,,
171,Female,Young,19,Single,Sales,1,88.3,3,True,4.2286,BusinessTravel;EnvironmentSatisfaction;JobInvolvement;JobLevel;JobSatisfaction;MonthlyIncome;RelationshipSatisfaction;StockOptionLevel;TrainingTimesLastYear
177,Male,Young,19,Single,Research & Development,1,80.7,0,False,,
180,Female,Young,31,Married,Research & Development,0,64.7,3,True,0.7074,JobInvolvement;JobLevel;MonthlyIncome;OverTime
182,Female,Senior,41,Single,Sales,1,81.2,3,True,0.6873,DistanceFromHome;JobSatisfaction;OverTime
192,Male,Senior,35,Married,Research & Development,1,76.3,3,True,0.8944,BusinessTravel;TrainingTimesLastYear
202,Male,Young,34,Divorced,Research & Development,0,60.5,3,True,1.0167,BusinessTravel;OverTime;WorkLifeBalance
204,Male,Senior,38,Married,Research & Development,1,78.0,3,True,1.1563,DistanceFromHome;OverTime;StockOptionLevel
206,Male,Young,22,Divorced,Research & Development,0,66.9,3,True,0.6944,JobLevel;JobRole;OverTime;TrainingTimesLastYear
210,Male,Young,32,Married,Sales,1,71.9,3,True,0.9875,BusinessTravel;JobLevel;JobRole;StockOptionLevel
214,Female,Young,30,Single,Research & Development,1,84.0,3,True,1.0444,BusinessTravel;JobSatisfaction;OverTime
216,Female,Young,30,Single,Sales,1,80.2,3,True,1.2819,JobRole;JobSatisfaction;StockOptionLevel
229,Male,Young,29,Single,Research & Development,1,82.3,3,True,1.3611,BusinessTravel;JobRole;OverTime;TrainingTimesLastYear
234,Male,Young,33,Married,Research & Development,1,84.5,3,True,0.8,OverTime;RelationshipSatisfaction;TrainingTimesLastYear
236,Female,Young,33,Married,Research & Development,1,78.7,3,True,1.9653,EnvironmentSatisfaction;JobLevel;JobSatisfaction;MonthlyIncome;StockOptionLevel;TrainingTimesLastYear
239,Male,Young,32,Single,Research & Development,1,77.5,3,True,0.6722,JobInvolvement;JobRole;RelationshipSatisfaction
264,Male,Young,28,Single,Research & Development,1,79.6,3,True,2.0352,EnvironmentSatisfaction;MonthlyIncome;RelationshipSatisfaction;StockOptionLevel
271,Male,Senior,47,Married,Research & Development,1,60.1,3,True,0.6511,DistanceFromHome;EnvironmentSatisfaction;MonthlyIncome
274,Male,Young,21,Single,Research & Development,0,59.7,3,True,0.6667,BusinessTravel;StockOptionLevel
284,Male,Young,26,Married,Research & Development,0,59.7,3,True,0.9705,EnvironmentSatisfaction;JobSatisfaction;MonthlyIncome;OverTime
286,Male,Senior,44,Divorced,Research & Development,1,77.2,3,True,0.9444,EnvironmentSatisfaction;OverTime;RelationshipSatisfaction;TrainingTimesLastYear
288,Male,Young,26,Divorced,Research & Development,1,84.1,3,True,0.8004,BusinessTravel;EnvironmentSatisfaction;MonthlyIncome;OverTime
293,Male,Young,26,Single,Sales,1,77.7,3,True,1.3222,JobInvolvement;StockOptionLevel;TrainingTimesLastYear
294,Male,Senior,37,Married,Research & Development,0,67.9,3,True,0.6941,EnvironmentSatisfaction;MonthlyIncome;OverTime
296,Male,Young,18,Single,Research & Development,1,82.4,0,False,,
301,Female,Young,18,Single,Sales,0,88.7,0,False,,
310,Male,Young,31,Married,Human Resources,0,77.6,3,True,1.4111,EnvironmentSatisfaction;StockOptionLevel
318,Female,Young,27,Single,Research & Development,0,79.3,3,True,0.6857,BusinessTravel;MonthlyIncome;OverTime
319,Female,Young,32,Married,Sales,0,67.7,3,True,0.6931,JobRole;StockOptionLevel
320,Male,Young,27,Single,Sales,0,72.2,3,True,0.5361,EnvironmentSatisfaction;JobRole
323,Male,Young,28,Married,Research & Development,1,91.6,3,True,1.6444,BusinessTravel;EnvironmentSatisfaction;JobInvolvement;OverTime
327,Female,Senior,39,Married,Sales,1,72.9,3,True,0.5806,JobRole;RelationshipSatisfaction;StockOptionLevel
336,Male,Young,29,Married,Research & Development,1,90.9,3,True,1.4889,JobInvolvement;JobSatisfaction;StockOptionLevel
350,Male,Senior,42,Divorced,Human Resources,0,59.4,3,True,0.575,BusinessTravel;JobLevel;TrainingTimesLastYear
357,Female,Young,21,Single,Sales,1,93.0,3,True,1.5806,EnvironmentSatisfaction;JobInvolvement;JobRole;JobSatisfaction;StockOptionLevel
363,Female,Young,33,Single,Sales,1,91.1,0,False,,
366,Male,Senior,41,Single,Sales,1,62.7,3,True,0.8257,EnvironmentSatisfaction;JobInvolvement;JobRole;MonthlyIncome
368,Male,Senior,40,Married,Sales,1,70.8,3,True,1.3643,BusinessTravel;DistanceFromHome;JobRole;OverTime;RelationshipSatisfaction
369,Male,Young,31,Single,Research & Development,0,78.6,3,True,0.8325,BusinessTravel;DistanceFromHome;OverTime
370,Female,Young,21,Single,Sales,1,86.2,3,True,2.4046,DistanceFromHome;JobLevel;JobRole;JobSatisfaction;MonthlyIncome;StockOptionLevel;TrainingTimesLastYear
378,Male,Young,34,Single,Sales,1,85.4,3,True,0.8333,EnvironmentSatisfaction;StockOptionLevel
381,Male,Young,30,Married,Sales,0,66.2,3,True,1.1241,BusinessTravel;JobRole;MonthlyIncome
385,Male,Young,30,Single,Research & Development,1,90.6,3,True,1.2624,EnvironmentSatisfaction;JobLevel;MonthlyIncome;StockOptionLevel;TrainingTimesLastYear
397,Female,Young,25,Single,Sales,0,68.8,3,True,0.625,JobInvolvement;JobRole;RelationshipSatisfaction
405,Male,Young,25,Married,Research & Development,1,69.0,3,True,1.1172,BusinessTravel;EnvironmentSatisfaction;JobSatisfaction;MonthlyIncome
414,Female,Young,24,Single,Sales,1,87.0,3,True,0.6958,EnvironmentSatisfaction;JobRole;StockOptionLevel
415,Female,Young,34,Divorced,Sales,1,70.5,3,True,0.4187,JobInvolvement;JobRole;MonthlyIncome
416,Male,Senior,38,Married,Research & Development,0,71.4,3,True,0.7268,DistanceFromHome;MonthlyIncome;OverTime;TrainingTimesLastYear
421,Female,Young,29,Married,Research & Development,1,71.7,3,True,1.2768,EnvironmentSatisfaction;JobInvolvement;MonthlyIncome;StockOptionLevel;TrainingTimesLastYear
422,Male,Young,19,Single,Human Resources,1,87.2,0,False,,
435,Male,Young,33,Married,Research & Development,1,83.9,3,True,0.6219,MonthlyIncome;StockOptionLevel
436,Male,Young,33,Divorced,Research & Development,1,69.8,3,True,1.7889,EnvironmentSatisfaction;RelationshipSatisfaction;TrainingTimesLastYear
439,Male,Young,31,Married,Research & Development,1,87.1,3,True,1.5561,EnvironmentSatisfaction;MonthlyIncome;StockOptionLevel;TrainingTimesLastYear
440,Female,Young,34,Divorced,Human Resources,1,72.7,3,True,0.8306,JobSatisfaction;MonthlyIncome;OverTime
443,Male,Young,22,Single,Research & Development,1,60.1,3,True,0.4729,MonthlyIncome;StockOptionLevel
450,Male,Young,31,Single,Sales,0,71.1,3,True,0.5128,MonthlyIncome;OverTime
453,Female,Young,26,Divorced,Human Resources,1,83.2,3,True,0.8667,BusinessTravel;OverTime
457,Male,Young,18,Single,Sales,1,95.0,0,False,,
460,Male,Young,26,Divorced,Sales,0,72.7,3,True,2.1683,BusinessTravel;DistanceFromHome;EnvironmentSatisfaction;JobRole;JobSatisfaction;MonthlyIncome;RelationshipSatisfaction
463,Male,Young,26,Single,Research & Development,1,95.1,0,False,,
469,Male,Young,32,Married,Sales,1,59.8,3,True,0.9458,JobRole;StockOptionLevel;TrainingTimesLastYear
476,Male,Young,24,Married,Research & Development,0,71.6,3,True,2.6568,DistanceFromHome;JobInvolvement;JobRole;JobSatisfaction;MonthlyIncome;StockOptionLevel;TrainingTimesLastYear;WorkLifeBalance
479,Female,Young,24,Married,Research & Development,1,77.8,3,True,0.7333,JobRole;OverTime;RelationshipSatisfaction;TrainingTimesLastYear
480,Male,Young,30,Married,Sales,1,85.6,0,False,,
482,Male,Young,31,Divorced,Sales,1,68.5,3,True,0.8181,JobRole;JobSatisfaction;StockOptionLevel;TrainingTimesLastYear
487,Female,Young,20,Single,Research & Development,0,71.8,3,True,1.8181,JobInvolvement;JobSatisfaction;MonthlyIncome;StockOptionLevel;TrainingTimesLastYear
504,Female,Senior,45,Married,Sales,1,70.2,3,True,0.9899,BusinessTravel;DistanceFromHome;EnvironmentSatisfaction;JobRole
505,Female,Young,26,Married,Research & Development,0,65.2,3,True,0.7005,JobInvolvement;JobLevel;MonthlyIncome;OverTime
513,Male,Young,20,Single,Research & Development,1,88.2,0,False,,
514,Male,Young,33,Single,Research & Development,1,91.9,3,True,1.1611,JobSatisfaction;StockOptionLevel;TrainingTimesLastYear
525,Female,Young,24,Single,Sales,1,83.9,3,True,2.2236,EnvironmentSatisfaction;JobInvolvement;JobRole;RelationshipSatisfaction;StockOptionLevel;TrainingTimesLastYear
528,Male,Senior,50,Married,Sales,1,70.5,3,True,0.7639,EnvironmentSatisfaction;JobRole;OverTime
536,Male,Senior,60,Single,Sales,0,77.1,3,True,1.4111,EnvironmentSatisfaction;StockOptionLevel
540,Female,Young,28,Single,Research & Development,1,94.2,3,True,1.8264,EnvironmentSatisfaction;JobInvolvement;TrainingTimesLastYear
546,Male,Young,29,Single,Sales,0,76.4,3,True,1.5211,JobInvolvement;JobLevel;JobRole;JobSatisfaction;MonthlyIncome;RelationshipSatisfaction;StockOptionLevel;TrainingTimesLastYear;WorkLifeBalance
547,Male,Senior,42,Divorced,Research & Development,1,78.2,3,True,0.9528,JobLevel;OverTime;RelationshipSatisfaction;StockOptionLevel;TrainingTimesLastYear
553,Female,Senior,40,Single,Research & Development,0,60.5,3,True,0.8129,JobInvolvement;JobLevel;MonthlyIncome;OverTime;WorkLifeBalance
562,Male,Young,33,Single,Research & Development,1,77.7,3,True,0.6703,JobLevel;MonthlyIncome;OverTime;StockOptionLevel
565,Male,Young,23,Single,Research & Development,0,60.9,3,True,0.9093,EnvironmentSatisfaction;MonthlyIncome;StockOptionLevel;TrainingTimesLastYear
566,Female,Senior,47,Single,Sales,1,79.1,3,True,0.725,EnvironmentSatisfaction;JobRole;StockOptionLevel
569,Male,Senior,36,Single,Sales,0,59.5,3,True,0.5181,EnvironmentSatisfaction;JobRole;JobSatisfaction
571,Female,Young,26,Divorced,Research & Development,0,65.2,3,True,0.7861,EnvironmentSatisfaction;JobInvolvement;JobLevel
573,Male,Young,26,Single,Sales,1,73.1,3,True,0.7569,JobRole;JobSatisfaction;StockOptionLevel
578,Female,Senior,38,Single,Research & Development,0,74.9,3,True,1.1556,EnvironmentSatisfaction;JobSatisfaction;StockOptionLevel
585,Male,Young,23,Married,Research & Development,1,85.0,3,True,2.1491,BusinessTravel;EnvironmentSatisfaction;JobLevel;JobRole;JobSatisfaction;MonthlyIncome;OverTime;RelationshipSatisfaction
589,Female,Young,29,Married,Research & Development,1,91.7,0,False,,
591,Female,Young,33,Single,Sales,1,84.2,3,True,1.8528,EnvironmentSatisfaction;JobRole;JobSatisfaction;StockOptionLevel;TrainingTimesLastYear
595,Male,Senior,58,Single,Research & Development,1,68.5,3,True,0.9095,DistanceFromHome;JobSatisfaction;OverTime;StockOptionLevel;WorkLifeBalance
598,Male,Young,28,Single,Research & Development,1,63.5,3,True,0.4305,MonthlyIncome;StockOptionLevel
601,Male,Senior,40,Single,Research & Development,0,66.2,3,True,1.25,BusinessTravel;EnvironmentSatisfaction
602,Female,Young,30,Single,Research & Development,0,65.5,3,True,0.6,StockOptionLevel
612,Female,Young,28,Married,Sales,0,80.1,3,True,0.7556,RelationshipSatisfaction;StockOptionLevel;TrainingTimesLastYear
614,Female,Young,26,Married,Research & Development,1,81.3,3,True,0.7595,DistanceFromHome;JobRole;OverTime
618,Male,Young,25,Single,Research & Development,0,76.2,3,True,0.9263,JobSatisfaction;MonthlyIncome;StockOptionLevel;TrainingTimesLastYear
624,Female,Senior,53,Married,Sales,0,60.3,3,True,0.7387,BusinessTravel;DistanceFromHome;JobRole
632,Male,Senior,42,Single,Research & Development,0,72.6,3,True,0.5833,JobRole;RelationshipSatisfaction
634,Male,Young,25,Married,Sales,0,66.5,3,True,0.7667,OverTime;StockOptionLevel
636,Female,Senior,35,Divorced,Research & Development,1,60.5,3,True,0.6,JobInvolvement;JobLevel;MonthlyIncome;OverTime
638,Male,Young,25,Married,Sales,0,65.0,3,True,1.0153,JobRole;RelationshipSatisfaction;StockOptionLevel;TrainingTimesLastYear
644,Male,Young,31,Married,Research & Development,0,68.5,3,True,0.4361,JobLevel;TrainingTimesLastYear
645,Female,Young,29,Divorced,Sales,1,81.9,3,True,0.8004,DistanceFromHome;MonthlyIncome;OverTime
652,Male,Senior,37,Single,Sales,0,73.3,3,True,0.7236,JobLevel;JobRole;OverTime;StockOptionLevel
655,Male,Young,33,Divorced,Human Resources,0,67.8,3,True,0.6694,JobInvolvement;JobLevel;OverTime
656,Male,Young,32,Single,Research & Development,1,88.8,3,True,1.9121,DistanceFromHome;EnvironmentSatisfaction;JobLevel;MonthlyIncome;StockOptionLevel;TrainingTimesLastYear
658,Male,Senior,44,Married,Research & Development,0,84.6,3,True,0.9222,BusinessTravel;OverTime;StockOptionLevel
660,Male,Senior,58,Divorced,Research & Development,1,84.3,3,True,0.6336,MonthlyIncome;OverTime
662,Female,Young,20,Single,Sales,1,74.7,3,True,0.9861,JobInvolvement;JobRole;StockOptionLevel
663,Female,Young,21,Single,Research & Development,1,80.5,3,True,2.5708,DistanceFromHome;JobInvolvement;JobLevel;MonthlyIncome;RelationshipSatisfaction;StockOptionLevel;TrainingTimesLastYear;WorkLifeBalance
665,Female,Senior,47,Single,Sales,0,68.1,3,True,0.9683,DistanceFromHome;OverTime;RelationshipSatisfaction;StockOptionLevel
666,Female,Young,22,Married,Research & Development,1,63.0,3,True,0.9125,BusinessTravel;OverTime
667,Female,Senior,41,Divorced,Research & Development,1,75.6,3,True,0.6306,JobLevel;WorkLifeBalance
669,Male,Senior,39,Married,Research & Development,1,85.8,3,True,0.8444,JobSatisfaction;TrainingTimesLastYear
670,Female,Young,27,Single,Research & Development,0,73.8,3,True,1.7151,EnvironmentSatisfaction;JobInvolvement;MonthlyIncome;RelationshipSatisfaction;StockOptionLevel;TrainingTimesLastYear
673,Male,Young,33,Single,Research & Development,0,80.2,3,True,0.2516,MonthlyIncome
683,Male,Young,25,Married,Sales,1,93.6,0,False,,
684,Male,Senior,40,Divorced,Sales,0,59.9,3,True,0.3322,EnvironmentSatisfaction;MonthlyIncome
688,Male,Young,19,Single,Sales,1,95.7,0,False,,
689,Male,Young,20,Single,Research & Development,1,89.5,3,True,4.4196,EnvironmentSatisfaction;JobInvolvement;JobLevel;JobRole;JobSatisfaction;MonthlyIncome;OverTime;StockOptionLevel;TrainingTimesLastYear;WorkLifeBalance
693,Male,Senior,36,Married,Sales,1,60.8,3,True,0.7736,BusinessTravel;JobRole;TrainingTimesLastYear;WorkLifeBalance
695,Male,Senior,37,Married,Sales,1,82.2,3,True,0.536,JobRole;MonthlyIncome;StockOptionLevel
706,Female,Senior,40,Single,Sales,1,80.6,3,True,1.1746,DistanceFromHome;OverTime;RelationshipSatisfaction;TrainingTimesLastYear
709,Male,Young,31,Single,Research & Development,1,89.0,3,True,0.9222,JobSatisfaction
711,Female,Young,29,Single,Research & Development,1,91.9,3,True,1.7551,BusinessTravel;JobLevel;JobSatisfaction;MonthlyIncome;StockOptionLevel
720,Female,Young,30,Married,Research & Development,1,92.9,3,True,1.6424,EnvironmentSatisfaction;JobLevel;MonthlyIncome;StockOptionLevel
727,Male,Young,18,Single,Research & Development,0,63.2,3,True,1.1333,JobInvolvement;StockOptionLevel;TrainingTimesLastYear
731,Female,Young,20,Single,Research & Development,1,93.2,3,True,4.0415,JobInvolvement;JobLevel;JobSatisfaction;MonthlyIncome;RelationshipSatisfaction;StockOptionLevel;TrainingTimesLastYear;WorkLifeBalance
744,Female,Senior,37,Married,Research & Development,1,72.2,3,True,1.4833,EnvironmentSatisfaction;JobInvolvement;StockOptionLevel;TrainingTimesLastYear
747,Male,Senior,38,Single,Sales,0,72.9,3,True,0.7556,OverTime;RelationshipSatisfaction;TrainingTimesLastYear
748,Male,Young,26,Single,Sales,1,80.1,3,True,1.3972,DistanceFromHome;JobInvolvement;JobRole;JobSatisfaction;StockOptionLevel
761,Male,Senior,36,Divorced,Research & Development,1,62.1,3,True,0.7556,BusinessTravel;EnvironmentSatisfaction
762,Male,Young,26,Married,Research & Development,1,91.4,3,True,1.6323,EnvironmentSatisfaction;JobSatisfaction;MonthlyIncome
763,Female,Young,34,Married,Sales,0,83.5,3,True,0.5451,BusinessTravel;JobRole;MonthlyIncome;OverTime
764,Male,Young,28,Married,Sales,0,75.7,0,False,,
776,Female,Young,20,Single,Sales,1,90.4,3,True,1.2583,JobRole;OverTime;StockOptionLevel
777,Female,Young,21,Single,Research & Development,1,90.1,0,False,,
779,Male,Senior,51,Married,Research & Development,1,82.5,3,True,0.6477,BusinessTravel;MonthlyIncome;OverTime
780,Male,Young,28,Single,Research & Development,1,73.4,3,True,0.9333,JobSatisfaction;RelationshipSatisfaction;StockOptionLevel
791,Male,Senior,35,Single,Sales,1,79.2,3,True,0.6236,JobRole;StockOptionLevel
792,Female,Young,33,Single,Research & Development,1,59.2,3,True,0.5578,EnvironmentSatisfaction;JobRole;MonthlyIncome;StockOptionLevel
796,Male,Young,25,Married,Research & Development,1,64.1,3,True,0.7861,JobLevel;JobRole;OverTime;TrainingTimesLastYear
797,Male,Young,26,Divorced,Research & Development,1,81.4,3,True,3.5326,EnvironmentSatisfaction;JobInvolvement;JobRole;JobSatisfaction;MonthlyIncome;OverTime;TrainingTimesLastYear;WorkLifeBalance
798,Male,Young,33,Single,Research & Development,1,93.7,3,True,1.4283,EnvironmentSatisfaction;MonthlyIncome;StockOptionLevel;TrainingTimesLastYear
800,Male,Young,28,Divorced,Research & Development,1,80.5,3,True,3.3106,EnvironmentSatisfaction;JobInvolvement;JobSatisfaction;MonthlyIncome;RelationshipSatisfaction;TrainingTimesLastYear;WorkLifeBalance
801,Male,Senior,50,Single,Sales,1,72.8,3,True,0.425,MonthlyIncome;StockOptionLevel
815,Female,Young,21,Single,Research & Development,0,85.2,3,True,0.6292,MonthlyIncome;OverTime
827,Male,Young,28,Divorced,Research & Development,0,66.5,3,True,0.875,JobLevel;OverTime;RelationshipSatisfaction;StockOptionLevel
828,Male,Young,18,Single,Research & Development,1,77.2,3,True,2.3934,EnvironmentSatisfaction;JobInvolvement;JobLevel;JobRole;JobSatisfaction;MonthlyIncome;StockOptionLevel;TrainingTimesLastYear
829,Female,Young,33,Single,Sales,1,76.2,3,True,0.8889,BusinessTravel;OverTime;RelationshipSatisfaction;TrainingTimesLastYear
836,Female,Young,29,Married,Sales,1,65.4,3,True,1.1153,DistanceFromHome;JobRole;JobSatisfaction;RelationshipSatisfaction
838,Male,Senior,42,Single,Sales,1,78.0,3,True,0.7167,RelationshipSatisfaction;StockOptionLevel;TrainingTimesLastYear
842,Female,Young,28,Married,Research & Development,1,86.8,3,True,1.784,JobInvolvement;JobLevel;JobRole;MonthlyIncome;StockOptionLevel
849,Female,Senior,43,Single,Sales,1,80.8,3,True,1.7556,EnvironmentSatisfaction;JobInvolvement;StockOptionLevel
853,Male,Young,19,Single,Research & Development,0,83.0,3,True,2.996,EnvironmentSatisfaction;JobInvolvement;JobLevel;JobRole;JobSatisfaction;MonthlyIncome;RelationshipSatisfaction;StockOptionLevel;TrainingTimesLastYear;WorkLifeBalance
856,Male,Young,20,Single,Research & Development,0,78.7,3,True,1.8265,EnvironmentSatisfaction;JobInvolvement;MonthlyIncome;RelationshipSatisfaction;StockOptionLevel
857,Male,Senior,44,Single,Research & Development,1,60.9,3,True,0.8194,BusinessTravel;JobLevel;JobSatisfaction;TrainingTimesLastYear
859,Female,Young,29,Married,Research & Development,0,75.7,3,True,0.8708,BusinessTravel;OverTime
860,Male,Young,22,Married,Research & Development,1,78.2,3,True,0.8667,BusinessTravel;OverTime
871,Female,Young,24,Married,Research & Development,1,79.3,3,True,3.1992,DistanceFromHome;JobInvolvement;JobRole;JobSatisfaction;MonthlyIncome;RelationshipSatisfaction;StockOptionLevel;TrainingTimesLastYear;WorkLifeBalance
876,Male,Young,20,Single,Sales,0,62.5,3,True,0.5789,MonthlyIncome;StockOptionLevel;WorkLifeBalance
889,Male,Young,27,Married,Research & Development,0,77.9,3,True,0.7714,DistanceFromHome;OverTime
892,Female,Young,19,Single,Research & Development,1,93.3,3,True,2.7953,EnvironmentSatisfaction;JobInvolvement;JobLevel;JobSatisfaction;MonthlyIncome;StockOptionLevel;TrainingTimesLastYear
909,Female,Young,19,Single,Research & Development,0,80.6,3,True,0.7556,StockOptionLevel
911,Male,Young,25,Single,Sales,1,95.3,0,False,,
912,Male,Young,26,Single,Research & Development,0,71.0,3,True,0.7656,BusinessTravel;MonthlyIncome;OverTime;StockOptionLevel
913,Female,Senior,45,Single,Sales,1,72.9,3,True,0.8222,JobSatisfaction;OverTime;StockOptionLevel
915,Female,Young,21,Single,Research & Development,1,76.6,3,True,1.6083,EnvironmentSatisfaction;JobInvolvement;JobLevel;RelationshipSatisfaction;StockOptionLevel
917,Female,Young,34,Single,Sales,0,62.2,3,True,1.1353,DistanceFromHome;JobRole;JobSatisfaction;OverTime;RelationshipSatisfaction
921,Male,Young,28,Single,Research & Development,0,84.5,3,True,0.5984,JobRole;MonthlyIncome;OverTime
924,Male,Senior,35,Married,Research & Development,0,62.5,3,True,0.6611,JobLevel;JobRole;StockOptionLevel
925,Female,Senior,42,Married,Research & Development,0,69.7,3,True,0.8527,JobRole;MonthlyIncome;OverTime;StockOptionLevel;TrainingTimesLastYear
929,Male,Young,28,Married,Research & Development,0,66.2,3,True,0.671,JobLevel;JobRole;MonthlyIncome;OverTime
931,Female,Young,30,Single,Research & Development,0,61.0,3,True,0.8333,OverTime;StockOptionLevel;TrainingTimesLastYear;WorkLifeBalance
932,Female,Young,29,Divorced,Research & Development,1,74.6,3,True,0.7232,EnvironmentSatisfaction;MonthlyIncome;OverTime;RelationshipSatisfaction
934,Female,Young,25,Single,Research & Development,0,61.0,3,True,0.5982,MonthlyIncome;OverTime;StockOptionLevel
946,Male,Senior,40,Single,Sales,1,77.8,3,True,1.0164,BusinessTravel;MonthlyIncome;OverTime
947,Male,Senior,52,Single,Sales,1,88.4,3,True,0.6344,JobRole;MonthlyIncome;TrainingTimesLastYear
952,Female,Young,31,Single,Sales,1,91.6,3,True,0.9444,BusinessTravel;OverTime;StockOptionLevel
953,Male,Senior,44,Married,Research & Development,1,73.2,3,True,1.5222,EnvironmentSatisfaction;JobSatisfaction;StockOptionLevel;TrainingTimesLastYear
966,Female,Senior,58,Married,Research & Development,1,72.5,3,True,0.8575,DistanceFromHome;RelationshipSatisfaction;StockOptionLevel;TrainingTimesLastYear
975,Male,Senior,55,Single,Sales,1,88.0,3,True,0.7556,StockOptionLevel
980,Female,Young,31,Single,Sales,1,77.0,3,True,1.1111,JobLevel;JobRole;MonthlyIncome;RelationshipSatisfaction
981,Female,Senior,35,Married,Sales,1,68.0,3,True,1.3042,EnvironmentSatisfaction;JobRole;OverTime;TrainingTimesLastYear
989,Male,Senior,37,Married,Research & Development,0,68.8,3,True,0.9111,BusinessTravel;JobLevel;OverTime;RelationshipSatisfaction;StockOptionLevel
991,Male,Young,32,Married,Sales,0,62.3,3,True,0.8961,BusinessTravel;MonthlyIncome;OverTime;WorkLifeBalance
993,Male,Young,25,Married,Sales,0,60.9,3,True,0.8691,EnvironmentSatisfaction;MonthlyIncome;StockOptionLevel;TrainingTimesLastYear
995,Female,Senior,43,Single,Research & Development,0,68.0,3,True,0.7444,EnvironmentSatisfaction;RelationshipSatisfaction;StockOptionLevel
996,Female,Young,27,Married,Sales,0,60.7,3,True,0.8853,DistanceFromHome;JobRole;OverTime;StockOptionLevel
997,Female,Young,27,Single,Research & Development,1,88.0,3,True,0.6754,MonthlyIncome;StockOptionLevel
1000,Female,Senior,52,Married,Research & Development,0,60.0,3,True,0.8889,EnvironmentSatisfaction;JobSatisfaction
1005,Male,Young,29,Single,Human Resources,0,59.7,3,True,1.1056,JobSatisfaction;StockOptionLevel;TrainingTimesLastYear
1006,Male,Senior,49,Single,Research & Development,1,75.3,3,True,1.6944,JobSatisfaction;TrainingTimesLastYear
1007,Female,Young,29,Single,Research & Development,1,75.4,3,True,0.9444,OverTime;RelationshipSatisfaction;StockOptionLevel
1011,Female,Senior,36,Single,Sales,0,70.6,3,True,1.103,EnvironmentSatisfaction;MonthlyIncome;OverTime;StockOptionLevel;TrainingTimesLastYear
1012,Female,Young,31,Single,Sales,1,92.1,0,False,,
1016,Female,Young,31,Single,Research & Development,1,86.8,0,False,,
1021,Male,Young,25,Married,Sales,1,81.0,3,True,1.7153,JobInvolvement;JobRole;RelationshipSatisfaction;StockOptionLevel
1028,Male,Senior,41,Married,Research & Development,0,60.3,3,True,0.5161,DistanceFromHome;OverTime
1031,Male,Senior,46,Divorced,Sales,1,71.9,3,True,0.5408,EnvironmentSatisfaction;JobInvolvement;JobRole;MonthlyIncome
1032,Female,Senior,39,Single,Research & Development,1,86.6,3,True,0.9333,EnvironmentSatisfaction;JobSatisfaction
1033,Female,Young,31,Single,Research & Development,1,59.7,3,True,0.5245,JobSatisfaction;MonthlyIncome;RelationshipSatisfaction;StockOptionLevel
1036,Male,Young,31,Married,Research & Development,1,82.7,3,True,0.5928,MonthlyIncome;OverTime;RelationshipSatisfaction;TrainingTimesLastYear
1039,Female,Young,34,Married,Human Resources,1,71.0,3,True,1.5389,EnvironmentSatisfaction;StockOptionLevel;TrainingTimesLastYear
1057,Female,Young,29,Single,Sales,1,87.3,3,True,5.2121,BusinessTravel;DistanceFromHome;EnvironmentSatisfaction;JobInvolvement;JobRole;JobSatisfaction;MonthlyIncome;RelationshipSatisfaction;StockOptionLevel;TrainingTimesLastYear;WorkLifeBalance
1058,Female,Young,34,Single,Sales,1,80.5,3,True,1.2083,BusinessTravel;JobRole;OverTime;StockOptionLevel
1059,Male,Senior,35,Married,Sales,0,60.9,3,True,0.774,BusinessTravel;JobRole;MonthlyIncome
1060,Male,Young,24,Single,Research & Development,1,93.6,1,True,5.2583,BusinessTravel;EnvironmentSatisfaction;JobInvolvement;JobLevel;JobSatisfaction;StockOptionLevel;TrainingTimesLastYear;WorkLifeBalance
1061,Female,Young,24,Married,Sales,0,62.9,3,True,0.6821,JobRole;MonthlyIncome;OverTime;TrainingTimesLastYear
1062,Male,Senior,44,Single,Research & Development,0,66.2,3,True,0.8516,EnvironmentSatisfaction;MonthlyIncome;StockOptionLevel
1066,Female,Young,33,Married,Research & Development,0,61.0,3,True,0.8444,EnvironmentSatisfaction;JobSatisfaction;StockOptionLevel
1068,Male,Young,28,Single,Research & Development,1,86.8,3,True,4.0791,BusinessTravel;EnvironmentSatisfaction;JobInvolvement;JobLevel;JobRole;JobSatisfaction;MonthlyIncome;RelationshipSatisfaction;StockOptionLevel;TrainingTimesLastYear;WorkLifeBalance
1069,Male,Young,28,Divorced,Research & Development,0,66.5,3,True,0.999,BusinessTravel;EnvironmentSatisfaction;MonthlyIncome
1077,Male,Young,29,Single,Research & Development,1,80.7,3,True,2.2476,EnvironmentSatisfaction;JobInvolvement;JobSatisfaction;MonthlyIncome;StockOptionLevel;TrainingTimesLastYear
1083,Male,Senior,40,Single,Research & Development,1,69.4,3,True,1.3866,JobSatisfaction;MonthlyIncome;StockOptionLevel;TrainingTimesLastYear
1084,Male,Young,34,Married,Sales,0,67.1,3,True,0.6833,BusinessTravel;StockOptionLevel
1085,Female,Young,31,Single,Research & Development,1,62.7,3,True,0.4944,RelationshipSatisfaction;StockOptionLevel
1097,Male,Young,24,Divorced,Research & Development,0,75.3,3,True,1.8457,BusinessTravel;DistanceFromHome;EnvironmentSatisfaction;JobLevel;JobRole;JobSatisfaction;MonthlyIncome
1102,Male,Senior,36,Single,Sales,0,66.9,3,True,0.7,JobLevel;JobRole;StockOptionLevel
1110,Female,Senior,35,Divorced,Research & Development,1,88.0,3,True,1.0002,EnvironmentSatisfaction;MonthlyIncome
1115,Male,Young,34,Single,Research & Development,0,69.1,3,True,1.1944,BusinessTravel;EnvironmentSatisfaction;JobInvolvement;StockOptionLevel
1118,Female,Young,26,Married,Research & Development,0,75.6,3,True,2.5134,EnvironmentSatisfaction;JobInvolvement;MonthlyIncome;RelationshipSatisfaction;StockOptionLevel
1122,Male,Young,29,Single,Research & Development,0,70.3,3,True,0.6444,OverTime;TrainingTimesLastYear;WorkLifeBalance
1123,Female,Senior,35,Single,Research & Development,0,59.5,3,True,0.8597,EnvironmentSatisfaction;JobRole;OverTime;StockOptionLevel
1136,Male,Young,28,Married,Research & Development,1,92.2,0,False,,
1137,Female,Young,22,Married,Research & Development,0,77.7,3,True,0.8341,DistanceFromHome;EnvironmentSatisfaction;JobRole;OverTime
1144,Male,Young,31,Single,Sales,0,67.6,3,True,1.2653,BusinessTravel;JobRole;JobSatisfaction;StockOptionLevel
1153,Female,Young,18,Single,Sales,1,94.5,0,False,,
1162,Male,Senior,35,Married,Sales,1,74.7,3,True,0.8283,BusinessTravel;JobRole;MonthlyIncome;StockOptionLevel;TrainingTimesLastYear
1167,Male,Senior,35,Divorced,Sales,1,82.2,3,True,1.724,DistanceFromHome;EnvironmentSatisfaction;JobInvolvement;JobRole;OverTime;TrainingTimesLastYear
1168,Female,Young,24,Single,Research & Development,0,81.1,3,True,0.8,OverTime;RelationshipSatisfaction;TrainingTimesLastYear
1169,Female,Young,27,Married,Research & Development,0,60.9,3,True,1.0135,DistanceFromHome;EnvironmentSatisfaction;RelationshipSatisfaction;StockOptionLevel
1171,Male,Senior,40,Single,Research & Development,1,87.5,3,True,0.7556,StockOptionLevel
1172,Male,Young,29,Single,Sales,0,63.9,3,True,1.1,JobInvolvement;StockOptionLevel;TrainingTimesLastYear
1178,Female,Young,20,Single,Sales,0,67.5,3,True,1.2333,RelationshipSatisfaction;StockOptionLevel;TrainingTimesLastYear
1186,Male,Senior,35,Single,Sales,1,67.2,3,True,0.8681,JobRole;StockOptionLevel;WorkLifeBalance
1192,Female,Senior,49,Divorced,Research & Development,0,63.3,3,True,0.289,JobLevel;MonthlyIncome;StockOptionLevel
1196,Male,Senior,41,Single,Sales,0,62.6,3,True,0.7236,JobLevel;JobRole;RelationshipSatisfaction;StockOptionLevel
1197,Male,Young,20,Single,Sales,0,83.0,3,True,2.226,JobInvolvement;JobLevel;JobRole;JobSatisfaction;MonthlyIncome;RelationshipSatisfaction;StockOptionLevel;TrainingTimesLastYear
1201,Male,Young,23,Single,Research & Development,1,83.3,3,True,0.4994,JobLevel;MonthlyIncome;TrainingTimesLastYear
1204,Female,Senior,48,Married,Sales,1,59.8,3,True,0.5938,MonthlyIncome;OverTime;StockOptionLevel
1205,Male,Young,32,Single,Research & Development,1,81.2,3,True,3.2467,JobInvolvement;JobLevel;JobSatisfaction;MonthlyIncome;RelationshipSatisfaction;StockOptionLevel;TrainingTimesLastYear;WorkLifeBalance
1213,Male,Young,23,Divorced,Sales,1,78.2,3,True,1.1833,EnvironmentSatisfaction;JobRole;OverTime;TrainingTimesLastYear
1222,Male,Young,24,Married,Human Resources,1,83.0,0,False,,
1223,Male,Senior,47,Married,Sales,1,76.8,3,True,0.6383,JobInvolvement;JobRole;MonthlyIncome;StockOptionLevel
1226,Male,Young,32,Married,Research & Development,0,62.5,3,True,0.7378,BusinessTravel;EnvironmentSatisfaction;MonthlyIncome;TrainingTimesLastYear
1237,Male,Young,32,Single,Sales,1,88.9,3,True,3.3472,EnvironmentSatisfaction;JobInvolvement;JobLevel;JobRole;JobSatisfaction;OverTime;StockOptionLevel;TrainingTimesLastYear;WorkLifeBalance
1246,Female,Young,30,Divorced,Human Resources,1,61.7,3,True,0.8194,JobLevel;RelationshipSatisfaction;TrainingTimesLastYear
1249,Female,Young,29,Single,Sales,1,82.4,3,True,1.6847,JobInvolvement;JobRole;RelationshipSatisfaction;StockOptionLevel
1250,Male,Young,29,Single,Research & Development,0,64.0,3,True,1.1542,JobLevel;JobRole;OverTime;StockOptionLevel;WorkLifeBalance
1255,Female,Young,33,Single,Sales,1,92.3,3,True,2.162,EnvironmentSatisfaction;JobRole;JobSatisfaction;MonthlyIncome;StockOptionLevel;TrainingTimesLastYear
1257,Male,Young,31,Married,Sales,1,78.9,3,True,2.6239,EnvironmentSatisfaction;JobSatisfaction;MonthlyIncome;RelationshipSatisfaction;StockOptionLevel;TrainingTimesLastYear
1258,Female,Young,29,Divorced,Research & Development,0,66.7,3,True,1.8181,BusinessTravel;EnvironmentSatisfaction;JobSatisfaction;MonthlyIncome;StockOptionLevel;TrainingTimesLastYear
1262,Male,Senior,43,Married,Research & Development,1,86.2,3,True,0.3719,MonthlyIncome;OverTime
1271,Male,Young,21,Single,Sales,1,85.9,0,False,,
1273,Female,Young,22,Married,Research & Development,1,92.7,3,True,2.9212,JobInvolvement;JobLevel;JobRole;JobSatisfaction;MonthlyIncome;RelationshipSatisfaction;StockOptionLevel;TrainingTimesLastYear
1279,Male,Senior,44,Divorced,Research & Development,1,68.3,3,True,0.4997,MonthlyIncome;TrainingTimesLastYear
1281,Male,Senior,35,Single,Sales,1,63.1,3,True,1.2306,BusinessTravel;JobRole;OverTime;WorkLifeBalance
1296,Female,Young,30,Single,Research & Development,0,66.0,3,True,1.2043,DistanceFromHome;EnvironmentSatisfaction;MonthlyIncome;RelationshipSatisfaction
1297,Female,Young,26,Married,Human Resources,1,82.5,3,True,0.6401,JobRole;MonthlyIncome;OverTime
1311,Female,Young,18,Single,Research & Development,0,77.4,0,False,,
1312,Male,Young,31,Married,Human Resources,1,81.3,3,True,1.9181,JobRole;JobSatisfaction;StockOptionLevel;TrainingTimesLastYear
1313,Male,Young,29,Divorced,Human Resources,1,93.8,3,True,2.7056,BusinessTravel;DistanceFromHome;EnvironmentSatisfaction;JobLevel;JobRole;JobSatisfaction;MonthlyIncome;OverTime;RelationshipSatisfaction;WorkLifeBalance
1317,Female,Young,27,Single,Research & Development,0,74.5,3,True,0.6111,JobRole;OverTime
1319,Male,Young,32,Single,Sales,0,60.0,3,True,0.4795,MonthlyIncome;StockOptionLevel
1326,Male,Young,32,Single,Sales,1,86.7,3,True,1.1212,BusinessTravel;JobRole;MonthlyIncome;OverTime;StockOptionLevel
1329,Male,Young,29,Married,Human Resources,0,74.6,3,True,2.1167,JobInvolvement;JobSatisfaction;StockOptionLevel;TrainingTimesLastYear
1332,Male,Young,29,Single,Research & Development,1,92.5,2,True,3.8789,BusinessTravel;JobInvolvement;JobLevel;MonthlyIncome;RelationshipSatisfaction;StockOptionLevel;TrainingTimesLastYear;WorkLifeBalance
1337,Female,Young,28,Married,Sales,0,61.3,3,True,1.1871,BusinessTravel;MonthlyIncome;RelationshipSatisfaction;WorkLifeBalance
1338,Male,Young,30,Single,Sales,1,84.4,0,False,,
1339,Male,Young,22,Single,Research & Development,1,93.9,3,True,3.3328,JobInvolvement;JobLevel;JobSatisfaction;MonthlyIncome;RelationshipSatisfaction;StockOptionLevel;TrainingTimesLastYear;WorkLifeBalance
1349,Female,Young,26,Married,Research & Development,0,82.4,3,True,1.3667,BusinessTravel;OverTime
1353,Male,Young,34,Married,Research & Development,1,83.7,3,True,0.9489,DistanceFromHome;JobSatisfaction;MonthlyIncome;OverTime
1354,Male,Senior,56,Single,Research & Development,1,63.5,3,True,0.9433,EnvironmentSatisfaction;JobRole;MonthlyIncome
1365,Male,Young,29,Single,Sales,1,92.8,0,False,,
1369,Female,Young,28,Single,Sales,1,82.9,3,True,0.7556,StockOptionLevel
1375,Female,Young,32,Single,Research & Development,1,89.3,3,True,0.9889,EnvironmentSatisfaction;OverTime
1379,Female,Young,27,Married,Human Resources,1,91.3,3,True,5.3372,BusinessTravel;DistanceFromHome;EnvironmentSatisfaction;JobInvolvement;JobSatisfaction;MonthlyIncome;RelationshipSatisfaction;StockOptionLevel;TrainingTimesLastYear;WorkLifeBalance
1390,Male,Young,28,Divorced,Research & Development,1,64.9,3,True,1.1923,BusinessTravel;DistanceFromHome;JobInvolvement;MonthlyIncome;RelationshipSatisfaction
1391,Male,Senior,38,Single,Sales,0,78.9,3,True,1.4681,JobRole;JobSatisfaction;StockOptionLevel
1395,Male,Young,31,Married,Sales,1,81.2,3,True,0.8889,EnvironmentSatisfaction;StockOptionLevel
1396,Male,Senior,53,Single,Sales,1,92.7,3,True,1.5553,EnvironmentSatisfaction;JobRole;JobSatisfaction;MonthlyIncome;StockOptionLevel;WorkLifeBalance
1402,Female,Young,31,Divorced,Research & Development,0,82.6,3,True,1.3667,BusinessTravel;OverTime
1413,Male,Young,25,Divorced,Research & Development,0,66.3,3,True,0.8028,DistanceFromHome;JobRole;MonthlyIncome;OverTime
1435,Male,Senior,44,Single,Research & Development,0,74.9,3,True,0.5866,MonthlyIncome;OverTime;RelationshipSatisfaction
1436,Male,Young,21,Single,Sales,0,92.7,3,True,1.1736,JobRole;JobSatisfaction;StockOptionLevel
1438,Male,Young,23,Married,Sales,1,88.3,0,False,,
1442,Male,Young,29,Married,Research & Development,1,79.2,3,True,0.8618,EnvironmentSatisfaction;MonthlyIncome;WorkLifeBalance
1461,Male,Senior,50,Divorced,Sales,1,73.1,3,True,1.2093,BusinessTravel;MonthlyIncome;OverTime
